dniSocio,fechaPresentacion,fechaVencimiento
32427849,2026-03-21,2027-03-21
34261773,2026-02-17,2027-02-17
43809676,2026-04-17,2027-04-17
39885241,2026-06-13,2027-06-13
30319953,2026-02-21,2027-02-21
32683340,2026-02-13,2027-02-13
43700798,2026-03-02,2027-03-02
47386139,2026-01-02,2027-01-02
34207866,2026-03-04,2027-03-04
32138648,2026-02-26,2027-02-26
44962483,2026-01-17,2027-01-17
31083433,2025-12-22,2026-12-22
40058520,2026-01-14,2027-01-14
30605668,2026-01-15,2027-01-15
33188844,2026-07-21,2027-07-21
31060603,2026-01-29,2027-01-29
30601612,2026-01-05,2027-01-05
35745471,2026-03-06,2027-03-06
42937942,2026-01-24,2027-01-24
38351164,2026-05-03,2027-05-03
43013693,2026-02-02,2027-02-02
31886111,2025-11-26,2026-11-26
42250525,2026-01-22,2027-01-22
42044402,2026-04-26,2027-04-26
42483063,2026-01-13,2027-01-13
35563244,2026-03-18,2027-03-18
35505962,2025-12-13,2026-12-13
43797588,2025-12-04,2026-12-04
39780814,2025-11-29,2026-11-29
33220726,2026-01-25,2027-01-25
33533977,2026-03-16,2027-03-16
44220085,2026-01-25,2027-01-25
35579881,2026-01-29,2027-01-29
44674576,2026-04-25,2027-04-25
39005282,2026-03-07,2027-03-07
47775011,2026-03-23,2027-03-23
30008181,2026-02-03,2027-02-03
46988479,2026-04-11,2027-04-11
41472576,2026-02-14,2027-02-14
39143728,2025-11-17,2026-11-17
37894239,2026-03-20,2027-03-20
43412266,2026-05-11,2027-05-11
43323619,2026-06-15,2027-06-15
44883900,2026-01-12,2027-01-12
48996750,2026-02-07,2027-02-07
34856327,2026-01-17,2027-01-17
39013537,2026-03-05,2027-03-05
31841068,2026-05-19,2027-05-19
33199156,2026-02-14,2027-02-14
47245217,2026-02-25,2027-02-25
40000902,2026-01-27,2027-01-27
32584391,2026-02-26,2027-02-26
43123939,2026-01-25,2027-01-25
38124201,2026-02-25,2027-02-25
42998600,2026-05-29,2027-05-29
30468435,2026-03-01,2027-03-01
45084852,2026-04-20,2027-04-20
45177812,2026-03-23,2027-03-23
46154567,2026-01-21,2027-01-21
43041805,2026-04-02,2027-04-02
48317455,2026-01-21,2027-01-21
31832850,2026-02-22,2027-02-22
33259339,2026-06-02,2027-06-02
33302479,2025-11-08,2026-11-08
41747096,2026-01-27,2027-01-27
35453371,2026-01-26,2027-01-26
41350266,2026-02-21,2027-02-21
45671152,2026-03-03,2027-03-03
40497011,2026-01-27,2027-01-27
39442872,2025-10-10,2026-10-10
43146340,2026-01-19,2027-01-19
43790433,2026-04-13,2027-04-13
33831536,2026-02-10,2027-02-10
48690393,2026-02-09,2027-02-09
45531687,2026-01-06,2027-01-06
38693174,2026-03-29,2027-03-29
43365243,2026-05-09,2027-05-09
47355282,2026-06-16,2027-06-16
43621615,2025-11-23,2026-11-23
30907914,2026-03-07,2027-03-07
46529533,2026-01-01,2027-01-01
48184474,2026-03-11,2027-03-11
30652764,2026-04-22,2027-04-22
35648176,2026-01-15,2027-01-15
32080077,2026-03-11,2027-03-11
46800262,2026-02-09,2027-02-09
45386259,2026-02-16,2027-02-16
37537382,2026-02-14,2027-02-14
36703108,2026-04-07,2027-04-07
38617107,2025-12-15,2026-12-15
34624492,2026-01-21,2027-01-21
35091662,2026-01-25,2027-01-25
38945107,2026-02-01,2027-02-01
37894230,2026-04-04,2027-04-04
32002430,2026-04-15,2027-04-15
38613614,2026-02-18,2027-02-18
35486313,2026-01-18,2027-01-18
48433018,2026-01-21,2027-01-21
37738658,2026-03-30,2027-03-30
44537089,2026-03-13,2027-03-13
47047754,2026-03-22,2027-03-22
47874930,2026-02-13,2027-02-13
34721320,2026-01-28,2027-01-28
34560532,2025-12-21,2026-12-21
39967915,2026-02-11,2027-02-11
45511257,2026-04-04,2027-04-04
38843621,2026-01-24,2027-01-24
41540353,2025-12-14,2026-12-14
45050220,2026-04-26,2027-04-26
38149866,2026-03-10,2027-03-10
32152774,2025-11-19,2026-11-19
45448675,2026-02-15,2027-02-15
46857212,2026-05-12,2027-05-12
30421801,2026-03-16,2027-03-16
33173964,2026-01-01,2027-01-01
32369639,2026-02-21,2027-02-21
36740026,2026-01-15,2027-01-15
41944063,2026-05-24,2027-05-24
39511994,2026-01-07,2027-01-07
42441646,2026-01-21,2027-01-21
46463759,2026-02-11,2027-02-11
34625209,2026-05-28,2027-05-28
31816984,2026-02-09,2027-02-09
42539116,2026-03-14,2027-03-14
44769974,2026-01-12,2027-01-12
36426955,2026-01-19,2027-01-19
30033023,2026-03-07,2027-03-07
33420164,2026-04-04,2027-04-04
43942025,2026-02-11,2027-02-11
35072810,2026-03-01,2027-03-01
35719554,2026-03-03,2027-03-03
40632892,2026-02-03,2027-02-03
32502939,2026-02-20,2027-02-20
42833701,2026-02-02,2027-02-02
43582395,2026-01-19,2027-01-19
48233085,2026-03-11,2027-03-11
31542715,2026-04-23,2027-04-23
47675123,2025-11-26,2026-11-26
40367193,2026-02-13,2027-02-13
34134674,2026-03-20,2027-03-20
34610191,2025-12-18,2026-12-18
40797196,2026-04-30,2027-04-30
45825638,2026-03-02,2027-03-02
33391208,2026-03-31,2027-03-31
43912097,2026-01-28,2027-01-28
43868067,2026-03-25,2027-03-25
30986280,2025-12-13,2026-12-13
38632323,2025-11-11,2026-11-11
31934497,2026-03-30,2027-03-30
41153924,2026-08-06,2027-08-06
42399071,2026-05-08,2027-05-08
40205064,2026-05-27,2027-05-27
38975732,2026-01-21,2027-01-21
44737774,2026-01-29,2027-01-29
38105411,2025-12-17,2026-12-17
38803223,2025-11-26,2026-11-26
35669779,2026-02-02,2027-02-02
48985373,2026-02-10,2027-02-10
48953792,2026-02-27,2027-02-27
35051476,2025-11-15,2026-11-15
33663336,2025-12-27,2026-12-27
35871899,2026-02-06,2027-02-06
36414253,2025-12-29,2026-12-29
48654338,2026-05-19,2027-05-19
41977243,2025-12-25,2026-12-25
35961596,2026-02-18,2027-02-18
36707618,2026-03-31,2027-03-31
30363127,2026-03-28,2027-03-28
31263795,2026-03-31,2027-03-31
33293900,2025-11-29,2026-11-29
35413939,2026-04-24,2027-04-24
42868661,2026-02-28,2027-02-28
37612601,2026-02-12,2027-02-12
42728107,2026-02-01,2027-02-01
41318247,2026-04-17,2027-04-17
40010273,2025-12-11,2026-12-11
45869359,2026-03-08,2027-03-08
38863870,2026-06-04,2027-06-04
45802972,2026-06-20,2027-06-20
39397146,2026-05-19,2027-05-19
48336763,2025-11-22,2026-11-22
38640882,2026-04-03,2027-04-03
